experiment,lambda_churn,lambda_ltv,test_auc,test_rmse_raw_twd,test_rmse_log
exp1_churn_only,1.0,0.0,0.8431831987923559,,
exp2_ltv_only,0.0,1.0,,60.81231689453125,
exp3_fixed_5050,0.5,0.5,0.8433386300116087,,0.6762012243270874
exp4_churn_dominant,0.7,0.3,0.84439419943849,,0.6814903616905212
exp5_ltv_dominant,0.3,0.7,0.8430964528617356,,0.6734002828598022
exp6_uncertainty,,,0.8440531790466869,,0.6727006435394287
exp7_pcgrad,,,0.8440840470996891,,0.6776668429374695
