{
  "churn": {
    "val": {
      "churn_auc_roc": 0.9366189201170285,
      "churn_auc_pr": 0.9741865535878099
    },
    "test": {
      "churn_auc_roc": 0.9359213903719251,
      "churn_auc_pr": 0.973720461636475
    }
  },
  "ltv": {
    "val": {
      "ltv_rmse_log": 1.6073524308919018,
      "ltv_rmse_raw_twd": 156.99807112779035,
      "ltv_mae_raw_twd": 67.56215140514568,
      "ltv_r2_raw": 0.0768308109999346
    },
    "test": {
      "ltv_rmse_log": 1.606569623388966,
      "ltv_rmse_raw_twd": 155.41317123689035,
      "ltv_mae_raw_twd": 67.2530023730088,
      "ltv_r2_raw": 0.07910605557339279
    }
  }
}