{
  "churn": {
    "val": {
      "churn_auc_roc": 0.9612593617149432,
      "churn_auc_pr": 0.9838353825516628
    },
    "test": {
      "churn_auc_roc": 0.9607363549615395,
      "churn_auc_pr": 0.9836426206189695
    }
  },
  "fwd_rev": {
    "val": {
      "fwd_rev_rmse_raw_twd": 129.91427198073,
      "fwd_rev_mae_raw_twd": 50.585989163700674,
      "fwd_rev_r2_raw": 0.37833893249073314
    },
    "test": {
      "fwd_rev_rmse_raw_twd": 127.86917151883941,
      "fwd_rev_mae_raw_twd": 50.27261380710525,
      "fwd_rev_r2_raw": 0.384668712598333
    }
  }
}