{
  "val": {
    "concordance_index": 0.9645562649071165
  },
  "test": {
    "concordance_index": 0.9649307983148397
  }
}