{
  "val": {
    "concordance_index": 0.9415309210623506
  },
  "test": {
    "concordance_index": 0.9413097450469667
  }
}