{
  "model": "catboost_churn_isotonic_calibrated+catboost_fwd_rev",
  "fwd_rev_model": "catboost",
  "churn_auc_roc": 0.9607037981085421,
  "churn_auc_pr": 0.9830660020586863,
  "fwd_rev_rmse_raw_twd": 127.86917151883941,
  "fwd_rev_mae_raw_twd": 50.27261380710525,
  "fwd_rev_r2_raw": 0.384668712598333,
  "cox_concordance_index": 0.9649307983148397
}