{
  "model": "exp6_uncertainty_isotonic_calibrated",
  "churn_auc_roc": 0.9321083840047075,
  "churn_auc_pr": 0.971435994683752,
  "ltv_rmse_raw_twd": 153.7383575439453,
  "ltv_mae_raw_twd": 67.52839660644531,
  "ltv_r2_raw": 0.09884721040725708
}